node_idx,distance,time,weekday,demand
s1,14.0,0,1,2
s1,14.0,0,2,2
s1,14.0,0,3,2
s1,14.0,0,4,2
s1,14.0,0,5,2
s1,14.0,0,6,2
s1,14.0,0,7,2
s1,14.0,1,1,2
s1,14.0,1,2,0
s1,14.0,1,3,0
s1,14.0,1,4,0
s1,14.0,1,5,0
s1,14.0,1,6,2
s1,14.0,1,7,0
s1,14.0,2,1,0
s1,14.0,2,2,0
s1,14.0,2,3,0
s1,14.0,2,4,0
s1,14.0,2,5,0
s1,14.0,2,6,0
s1,14.0,2,7,0
s1,14.0,3,1,0
s1,14.0,3,2,0
s1,14.0,3,3,0
s1,14.0,3,4,0
s1,14.0,3,5,0
s1,14.0,3,6,0
s1,14.0,3,7,0
s1,14.0,4,1,0
s1,14.0,4,2,0
s1,14.0,4,3,0
s1,14.0,4,4,0
s1,14.0,4,5,0
s1,14.0,4,6,0
s1,14.0,4,7,0
s1,14.0,5,1,2
s1,14.0,5,2,0
s1,14.0,5,3,0
s1,14.0,5,4,2
s1,14.0,5,5,0
s1,14.0,5,6,0
s1,14.0,5,7,0
s1,14.0,6,1,2
s1,14.0,6,2,2
s1,14.0,6,3,4
s1,14.0,6,4,4
s1,14.0,6,5,4
s1,14.0,6,6,2
s1,14.0,6,7,2
s1,14.0,7,1,2
s1,14.0,7,2,4
s1,14.0,7,3,2
s1,14.0,7,4,2
s1,14.0,7,5,4
s1,14.0,7,6,2
s1,14.0,7,7,4
s1,14.0,8,1,4
s1,14.0,8,2,4
s1,14.0,8,3,6
s1,14.0,8,4,4
s1,14.0,8,5,8
s1,14.0,8,6,4
s1,14.0,8,7,6
s1,14.0,9,1,6
s1,14.0,9,2,6
s1,14.0,9,3,6
s1,14.0,9,4,4
s1,14.0,9,5,6
s1,14.0,9,6,6
s1,14.0,9,7,6
s1,14.0,10,1,6
s1,14.0,10,2,4
s1,14.0,10,3,4
s1,14.0,10,4,6
s1,14.0,10,5,6
s1,14.0,10,6,8
s1,14.0,10,7,4
s1,14.0,11,1,6
s1,14.0,11,2,6
s1,14.0,11,3,4
s1,14.0,11,4,4
s1,14.0,11,5,6
s1,14.0,11,6,10
s1,14.0,11,7,4
s1,14.0,12,1,8
s1,14.0,12,2,6
s1,14.0,12,3,8
s1,14.0,12,4,4
s1,14.0,12,5,8
s1,14.0,12,6,8
s1,14.0,12,7,6
s1,14.0,13,1,6
s1,14.0,13,2,6
s1,14.0,13,3,8
s1,14.0,13,4,6
s1,14.0,13,5,8
s1,14.0,13,6,8
s1,14.0,13,7,8
s1,14.0,14,1,6
s1,14.0,14,2,8
s1,14.0,14,3,6
s1,14.0,14,4,6
s1,14.0,14,5,8
s1,14.0,14,6,10
s1,14.0,14,7,6
s1,14.0,15,1,8
s1,14.0,15,2,6
s1,14.0,15,3,8
s1,14.0,15,4,6
s1,14.0,15,5,6
s1,14.0,15,6,10
s1,14.0,15,7,4
s1,14.0,16,1,12
s1,14.0,16,2,8
s1,14.0,16,3,10
s1,14.0,16,4,4
s1,14.0,16,5,10
s1,14.0,16,6,8
s1,14.0,16,7,8
s1,14.0,17,1,10
s1,14.0,17,2,8
s1,14.0,17,3,6
s1,14.0,17,4,10
s1,14.0,17,5,14
s1,14.0,17,6,8
s1,14.0,17,7,8
s1,14.0,18,1,6
s1,14.0,18,2,8
s1,14.0,18,3,12
s1,14.0,18,4,10
s1,14.0,18,5,8
s1,14.0,18,6,6
s1,14.0,18,7,8
s1,14.0,19,1,8
s1,14.0,19,2,8
s1,14.0,19,3,8
s1,14.0,19,4,8
s1,14.0,19,5,8
s1,14.0,19,6,8
s1,14.0,19,7,4
s1,14.0,20,1,8
s1,14.0,20,2,10
s1,14.0,20,3,6
s1,14.0,20,4,8
s1,14.0,20,5,8
s1,14.0,20,6,6
s1,14.0,20,7,6
s1,14.0,21,1,8
s1,14.0,21,2,6
s1,14.0,21,3,6
s1,14.0,21,4,6
s1,14.0,21,5,6
s1,14.0,21,6,8
s1,14.0,21,7,6
s1,14.0,22,1,2
s1,14.0,22,2,4
s1,14.0,22,3,2
s1,14.0,22,4,4
s1,14.0,22,5,2
s1,14.0,22,6,4
s1,14.0,22,7,4
s1,14.0,23,1,6
s1,14.0,23,2,8
s1,14.0,23,3,4
s1,14.0,23,4,8
s1,14.0,23,5,8
s1,14.0,23,6,8
s1,14.0,23,7,4
s2,61.0,0,1,1
s2,61.0,0,2,1
s2,61.0,0,3,0
s2,61.0,0,4,0
s2,61.0,0,5,0
s2,61.0,0,6,0
s2,61.0,0,7,0
s2,61.0,1,1,0
s2,61.0,1,2,0
s2,61.0,1,3,0
s2,61.0,1,4,0
s2,61.0,1,5,0
s2,61.0,1,6,0
s2,61.0,1,7,0
s2,61.0,2,1,0
s2,61.0,2,2,0
s2,61.0,2,3,0
s2,61.0,2,4,0
s2,61.0,2,5,0
s2,61.0,2,6,0
s2,61.0,2,7,0
s2,61.0,3,1,0
s2,61.0,3,2,0
s2,61.0,3,3,0
s2,61.0,3,4,0
s2,61.0,3,5,0
s2,61.0,3,6,0
s2,61.0,3,7,0
s2,61.0,4,1,0
s2,61.0,4,2,0
s2,61.0,4,3,0
s2,61.0,4,4,0
s2,61.0,4,5,0
s2,61.0,4,6,0
s2,61.0,4,7,0
s2,61.0,5,1,0
s2,61.0,5,2,0
s2,61.0,5,3,0
s2,61.0,5,4,0
s2,61.0,5,5,0
s2,61.0,5,6,0
s2,61.0,5,7,0
s2,61.0,6,1,1
s2,61.0,6,2,0
s2,61.0,6,3,0
s2,61.0,6,4,0
s2,61.0,6,5,0
s2,61.0,6,6,0
s2,61.0,6,7,1
s2,61.0,7,1,2
s2,61.0,7,2,3
s2,61.0,7,3,0
s2,61.0,7,4,1
s2,61.0,7,5,2
s2,61.0,7,6,3
s2,61.0,7,7,2
s2,61.0,8,1,1
s2,61.0,8,2,1
s2,61.0,8,3,1
s2,61.0,8,4,3
s2,61.0,8,5,2
s2,61.0,8,6,2
s2,61.0,8,7,3
s2,61.0,9,1,2
s2,61.0,9,2,1
s2,61.0,9,3,2
s2,61.0,9,4,1
s2,61.0,9,5,3
s2,61.0,9,6,2
s2,61.0,9,7,3
s2,61.0,10,1,5
s2,61.0,10,2,3
s2,61.0,10,3,2
s2,61.0,10,4,2
s2,61.0,10,5,2
s2,61.0,10,6,3
s2,61.0,10,7,3
s2,61.0,11,1,3
s2,61.0,11,2,2
s2,61.0,11,3,2
s2,61.0,11,4,2
s2,61.0,11,5,2
s2,61.0,11,6,3
s2,61.0,11,7,4
s2,61.0,12,1,4
s2,61.0,12,2,2
s2,61.0,12,3,2
s2,61.0,12,4,2
s2,61.0,12,5,3
s2,61.0,12,6,3
s2,61.0,12,7,4
s2,61.0,13,1,4
s2,61.0,13,2,3
s2,61.0,13,3,3
s2,61.0,13,4,2
s2,61.0,13,5,4
s2,61.0,13,6,4
s2,61.0,13,7,4
s2,61.0,14,1,6
s2,61.0,14,2,3
s2,61.0,14,3,3
s2,61.0,14,4,3
s2,61.0,14,5,3
s2,61.0,14,6,4
s2,61.0,14,7,2
s2,61.0,15,1,6
s2,61.0,15,2,3
s2,61.0,15,3,3
s2,61.0,15,4,2
s2,61.0,15,5,4
s2,61.0,15,6,4
s2,61.0,15,7,4
s2,61.0,16,1,6
s2,61.0,16,2,3
s2,61.0,16,3,5
s2,61.0,16,4,4
s2,61.0,16,5,4
s2,61.0,16,6,5
s2,61.0,16,7,4
s2,61.0,17,1,6
s2,61.0,17,2,4
s2,61.0,17,3,3
s2,61.0,17,4,4
s2,61.0,17,5,3
s2,61.0,17,6,4
s2,61.0,17,7,3
s2,61.0,18,1,7
s2,61.0,18,2,3
s2,61.0,18,3,3
s2,61.0,18,4,2
s2,61.0,18,5,3
s2,61.0,18,6,5
s2,61.0,18,7,2
s2,61.0,19,1,4
s2,61.0,19,2,3
s2,61.0,19,3,1
s2,61.0,19,4,2
s2,61.0,19,5,2
s2,61.0,19,6,3
s2,61.0,19,7,1
s2,61.0,20,1,1
s2,61.0,20,2,1
s2,61.0,20,3,1
s2,61.0,20,4,2
s2,61.0,20,5,2
s2,61.0,20,6,3
s2,61.0,20,7,1
s2,61.0,21,1,2
s2,61.0,21,2,1
s2,61.0,21,3,1
s2,61.0,21,4,1
s2,61.0,21,5,1
s2,61.0,21,6,2
s2,61.0,21,7,1
s2,61.0,22,1,2
s2,61.0,22,2,0
s2,61.0,22,3,1
s2,61.0,22,4,0
s2,61.0,22,5,1
s2,61.0,22,6,2
s2,61.0,22,7,1
s2,61.0,23,1,1
s2,61.0,23,2,0
s2,61.0,23,3,1
s2,61.0,23,4,0
s2,61.0,23,5,2
s2,61.0,23,6,1
s2,61.0,23,7,2
s3,255.0,0,1,0
s3,255.0,0,2,0
s3,255.0,0,3,1
s3,255.0,0,4,0
s3,255.0,0,5,0
s3,255.0,0,6,1
s3,255.0,0,7,1
s3,255.0,1,1,0
s3,255.0,1,2,0
s3,255.0,1,3,0
s3,255.0,1,4,0
s3,255.0,1,5,0
s3,255.0,1,6,0
s3,255.0,1,7,0
s3,255.0,2,1,0
s3,255.0,2,2,0
s3,255.0,2,3,0
s3,255.0,2,4,0
s3,255.0,2,5,0
s3,255.0,2,6,0
s3,255.0,2,7,0
s3,255.0,3,1,0
s3,255.0,3,2,0
s3,255.0,3,3,0
s3,255.0,3,4,0
s3,255.0,3,5,0
s3,255.0,3,6,0
s3,255.0,3,7,0
s3,255.0,4,1,0
s3,255.0,4,2,0
s3,255.0,4,3,0
s3,255.0,4,4,0
s3,255.0,4,5,0
s3,255.0,4,6,0
s3,255.0,4,7,0
s3,255.0,5,1,0
s3,255.0,5,2,0
s3,255.0,5,3,0
s3,255.0,5,4,0
s3,255.0,5,5,0
s3,255.0,5,6,0
s3,255.0,5,7,0
s3,255.0,6,1,0
s3,255.0,6,2,0
s3,255.0,6,3,0
s3,255.0,6,4,0
s3,255.0,6,5,0
s3,255.0,6,6,0
s3,255.0,6,7,0
s3,255.0,7,1,0
s3,255.0,7,2,0
s3,255.0,7,3,0
s3,255.0,7,4,0
s3,255.0,7,5,1
s3,255.0,7,6,0
s3,255.0,7,7,0
s3,255.0,8,1,2
s3,255.0,8,2,1
s3,255.0,8,3,0
s3,255.0,8,4,1
s3,255.0,8,5,2
s3,255.0,8,6,1
s3,255.0,8,7,1
s3,255.0,9,1,2
s3,255.0,9,2,1
s3,255.0,9,3,1
s3,255.0,9,4,1
s3,255.0,9,5,2
s3,255.0,9,6,2
s3,255.0,9,7,3
s3,255.0,10,1,4
s3,255.0,10,2,3
s3,255.0,10,3,3
s3,255.0,10,4,2
s3,255.0,10,5,2
s3,255.0,10,6,3
s3,255.0,10,7,4
s3,255.0,11,1,6
s3,255.0,11,2,3
s3,255.0,11,3,3
s3,255.0,11,4,3
s3,255.0,11,5,4
s3,255.0,11,6,3
s3,255.0,11,7,5
s3,255.0,12,1,3
s3,255.0,12,2,4
s3,255.0,12,3,3
s3,255.0,12,4,2
s3,255.0,12,5,3
s3,255.0,12,6,2
s3,255.0,12,7,5
s3,255.0,13,1,7
s3,255.0,13,2,4
s3,255.0,13,3,4
s3,255.0,13,4,3
s3,255.0,13,5,3
s3,255.0,13,6,4
s3,255.0,13,7,5
s3,255.0,14,1,5
s3,255.0,14,2,5
s3,255.0,14,3,3
s3,255.0,14,4,3
s3,255.0,14,5,3
s3,255.0,14,6,5
s3,255.0,14,7,4
s3,255.0,15,1,5
s3,255.0,15,2,2
s3,255.0,15,3,2
s3,255.0,15,4,3
s3,255.0,15,5,4
s3,255.0,15,6,4
s3,255.0,15,7,4
s3,255.0,16,1,6
s3,255.0,16,2,3
s3,255.0,16,3,2
s3,255.0,16,4,4
s3,255.0,16,5,3
s3,255.0,16,6,5
s3,255.0,16,7,3
s3,255.0,17,1,7
s3,255.0,17,2,3
s3,255.0,17,3,3
s3,255.0,17,4,4
s3,255.0,17,5,3
s3,255.0,17,6,4
s3,255.0,17,7,3
s3,255.0,18,1,3
s3,255.0,18,2,3
s3,255.0,18,3,2
s3,255.0,18,4,2
s3,255.0,18,5,4
s3,255.0,18,6,3
s3,255.0,18,7,2
s3,255.0,19,1,3
s3,255.0,19,2,1
s3,255.0,19,3,2
s3,255.0,19,4,2
s3,255.0,19,5,2
s3,255.0,19,6,2
s3,255.0,19,7,2
s3,255.0,20,1,2
s3,255.0,20,2,1
s3,255.0,20,3,2
s3,255.0,20,4,2
s3,255.0,20,5,2
s3,255.0,20,6,3
s3,255.0,20,7,1
s3,255.0,21,1,1
s3,255.0,21,2,2
s3,255.0,21,3,2
s3,255.0,21,4,1
s3,255.0,21,5,2
s3,255.0,21,6,2
s3,255.0,21,7,2
s3,255.0,22,1,1
s3,255.0,22,2,1
s3,255.0,22,3,0
s3,255.0,22,4,1
s3,255.0,22,5,1
s3,255.0,22,6,3
s3,255.0,22,7,1
s3,255.0,23,1,0
s3,255.0,23,2,0
s3,255.0,23,3,0
s3,255.0,23,4,0
s3,255.0,23,5,0
s3,255.0,23,6,2
s3,255.0,23,7,2
s4,375.0,0,1,0
s4,375.0,0,2,0
s4,375.0,0,3,0
s4,375.0,0,4,0
s4,375.0,0,5,0
s4,375.0,0,6,0
s4,375.0,0,7,0
s4,375.0,1,1,0
s4,375.0,1,2,0
s4,375.0,1,3,0
s4,375.0,1,4,0
s4,375.0,1,5,0
s4,375.0,1,6,0
s4,375.0,1,7,2
s4,375.0,2,1,0
s4,375.0,2,2,0
s4,375.0,2,3,0
s4,375.0,2,4,0
s4,375.0,2,5,0
s4,375.0,2,6,0
s4,375.0,2,7,0
s4,375.0,3,1,0
s4,375.0,3,2,0
s4,375.0,3,3,0
s4,375.0,3,4,0
s4,375.0,3,5,0
s4,375.0,3,6,0
s4,375.0,3,7,0
s4,375.0,4,1,0
s4,375.0,4,2,0
s4,375.0,4,3,0
s4,375.0,4,4,0
s4,375.0,4,5,0
s4,375.0,4,6,0
s4,375.0,4,7,0
s4,375.0,5,1,2
s4,375.0,5,2,0
s4,375.0,5,3,0
s4,375.0,5,4,0
s4,375.0,5,5,0
s4,375.0,5,6,0
s4,375.0,5,7,0
s4,375.0,6,1,0
s4,375.0,6,2,2
s4,375.0,6,3,0
s4,375.0,6,4,0
s4,375.0,6,5,0
s4,375.0,6,6,0
s4,375.0,6,7,0
s4,375.0,7,1,0
s4,375.0,7,2,2
s4,375.0,7,3,2
s4,375.0,7,4,2
s4,375.0,7,5,2
s4,375.0,7,6,2
s4,375.0,7,7,2
s4,375.0,8,1,2
s4,375.0,8,2,4
s4,375.0,8,3,2
s4,375.0,8,4,2
s4,375.0,8,5,4
s4,375.0,8,6,4
s4,375.0,8,7,2
s4,375.0,9,1,2
s4,375.0,9,2,4
s4,375.0,9,3,4
s4,375.0,9,4,2
s4,375.0,9,5,4
s4,375.0,9,6,4
s4,375.0,9,7,6
s4,375.0,10,1,4
s4,375.0,10,2,2
s4,375.0,10,3,2
s4,375.0,10,4,2
s4,375.0,10,5,4
s4,375.0,10,6,4
s4,375.0,10,7,6
s4,375.0,11,1,4
s4,375.0,11,2,4
s4,375.0,11,3,2
s4,375.0,11,4,6
s4,375.0,11,5,6
s4,375.0,11,6,6
s4,375.0,11,7,6
s4,375.0,12,1,4
s4,375.0,12,2,4
s4,375.0,12,3,4
s4,375.0,12,4,6
s4,375.0,12,5,4
s4,375.0,12,6,6
s4,375.0,12,7,6
s4,375.0,13,1,6
s4,375.0,13,2,2
s4,375.0,13,3,2
s4,375.0,13,4,4
s4,375.0,13,5,4
s4,375.0,13,6,6
s4,375.0,13,7,4
s4,375.0,14,1,6
s4,375.0,14,2,4
s4,375.0,14,3,4
s4,375.0,14,4,4
s4,375.0,14,5,4
s4,375.0,14,6,6
s4,375.0,14,7,6
s4,375.0,15,1,6
s4,375.0,15,2,4
s4,375.0,15,3,2
s4,375.0,15,4,4
s4,375.0,15,5,2
s4,375.0,15,6,4
s4,375.0,15,7,4
s4,375.0,16,1,6
s4,375.0,16,2,4
s4,375.0,16,3,2
s4,375.0,16,4,4
s4,375.0,16,5,2
s4,375.0,16,6,6
s4,375.0,16,7,4
s4,375.0,17,1,4
s4,375.0,17,2,2
s4,375.0,17,3,4
s4,375.0,17,4,4
s4,375.0,17,5,8
s4,375.0,17,6,4
s4,375.0,17,7,6
s4,375.0,18,1,4
s4,375.0,18,2,4
s4,375.0,18,3,4
s4,375.0,18,4,2
s4,375.0,18,5,6
s4,375.0,18,6,6
s4,375.0,18,7,4
s4,375.0,19,1,6
s4,375.0,19,2,4
s4,375.0,19,3,4
s4,375.0,19,4,4
s4,375.0,19,5,4
s4,375.0,19,6,4
s4,375.0,19,7,4
s4,375.0,20,1,2
s4,375.0,20,2,2
s4,375.0,20,3,2
s4,375.0,20,4,2
s4,375.0,20,5,2
s4,375.0,20,6,4
s4,375.0,20,7,2
s4,375.0,21,1,2
s4,375.0,21,2,2
s4,375.0,21,3,0
s4,375.0,21,4,2
s4,375.0,21,5,2
s4,375.0,21,6,2
s4,375.0,21,7,2
s4,375.0,22,1,2
s4,375.0,22,2,0
s4,375.0,22,3,0
s4,375.0,22,4,0
s4,375.0,22,5,2
s4,375.0,22,6,0
s4,375.0,22,7,2
s4,375.0,23,1,0
s4,375.0,23,2,0
s4,375.0,23,3,0
s4,375.0,23,4,0
s4,375.0,23,5,0
s4,375.0,23,6,2
s4,375.0,23,7,0
s5,542.0,0,1,1
s5,542.0,0,2,0
s5,542.0,0,3,0
s5,542.0,0,4,0
s5,542.0,0,5,0
s5,542.0,0,6,0
s5,542.0,0,7,0
s5,542.0,1,1,1
s5,542.0,1,2,0
s5,542.0,1,3,0
s5,542.0,1,4,0
s5,542.0,1,5,0
s5,542.0,1,6,0
s5,542.0,1,7,0
s5,542.0,2,1,0
s5,542.0,2,2,0
s5,542.0,2,3,0
s5,542.0,2,4,0
s5,542.0,2,5,0
s5,542.0,2,6,0
s5,542.0,2,7,0
s5,542.0,3,1,0
s5,542.0,3,2,0
s5,542.0,3,3,0
s5,542.0,3,4,0
s5,542.0,3,5,0
s5,542.0,3,6,0
s5,542.0,3,7,0
s5,542.0,4,1,0
s5,542.0,4,2,0
s5,542.0,4,3,0
s5,542.0,4,4,0
s5,542.0,4,5,0
s5,542.0,4,6,0
s5,542.0,4,7,0
s5,542.0,5,1,0
s5,542.0,5,2,0
s5,542.0,5,3,0
s5,542.0,5,4,0
s5,542.0,5,5,0
s5,542.0,5,6,0
s5,542.0,5,7,0
s5,542.0,6,1,0
s5,542.0,6,2,0
s5,542.0,6,3,0
s5,542.0,6,4,0
s5,542.0,6,5,0
s5,542.0,6,6,0
s5,542.0,6,7,0
s5,542.0,7,1,0
s5,542.0,7,2,0
s5,542.0,7,3,0
s5,542.0,7,4,0
s5,542.0,7,5,0
s5,542.0,7,6,0
s5,542.0,7,7,0
s5,542.0,8,1,0
s5,542.0,8,2,0
s5,542.0,8,3,0
s5,542.0,8,4,0
s5,542.0,8,5,0
s5,542.0,8,6,0
s5,542.0,8,7,1
s5,542.0,9,1,2
s5,542.0,9,2,2
s5,542.0,9,3,0
s5,542.0,9,4,0
s5,542.0,9,5,1
s5,542.0,9,6,2
s5,542.0,9,7,0
s5,542.0,10,1,2
s5,542.0,10,2,3
s5,542.0,10,3,1
s5,542.0,10,4,2
s5,542.0,10,5,0
s5,542.0,10,6,1
s5,542.0,10,7,3
s5,542.0,11,1,3
s5,542.0,11,2,3
s5,542.0,11,3,1
s5,542.0,11,4,2
s5,542.0,11,5,2
s5,542.0,11,6,2
s5,542.0,11,7,2
s5,542.0,12,1,3
s5,542.0,12,2,1
s5,542.0,12,3,3
s5,542.0,12,4,3
s5,542.0,12,5,2
s5,542.0,12,6,2
s5,542.0,12,7,2
s5,542.0,13,1,3
s5,542.0,13,2,3
s5,542.0,13,3,2
s5,542.0,13,4,1
s5,542.0,13,5,3
s5,542.0,13,6,4
s5,542.0,13,7,3
s5,542.0,14,1,4
s5,542.0,14,2,4
s5,542.0,14,3,3
s5,542.0,14,4,2
s5,542.0,14,5,2
s5,542.0,14,6,3
s5,542.0,14,7,4
s5,542.0,15,1,3
s5,542.0,15,2,2
s5,542.0,15,3,3
s5,542.0,15,4,1
s5,542.0,15,5,4
s5,542.0,15,6,3
s5,542.0,15,7,4
s5,542.0,16,1,4
s5,542.0,16,2,3
s5,542.0,16,3,4
s5,542.0,16,4,1
s5,542.0,16,5,2
s5,542.0,16,6,3
s5,542.0,16,7,4
s5,542.0,17,1,3
s5,542.0,17,2,2
s5,542.0,17,3,2
s5,542.0,17,4,3
s5,542.0,17,5,1
s5,542.0,17,6,3
s5,542.0,17,7,4
s5,542.0,18,1,4
s5,542.0,18,2,1
s5,542.0,18,3,2
s5,542.0,18,4,1
s5,542.0,18,5,2
s5,542.0,18,6,2
s5,542.0,18,7,3
s5,542.0,19,1,2
s5,542.0,19,2,1
s5,542.0,19,3,2
s5,542.0,19,4,2
s5,542.0,19,5,3
s5,542.0,19,6,2
s5,542.0,19,7,2
s5,542.0,20,1,1
s5,542.0,20,2,0
s5,542.0,20,3,1
s5,542.0,20,4,1
s5,542.0,20,5,2
s5,542.0,20,6,2
s5,542.0,20,7,1
s5,542.0,21,1,2
s5,542.0,21,2,1
s5,542.0,21,3,0
s5,542.0,21,4,1
s5,542.0,21,5,1
s5,542.0,21,6,2
s5,542.0,21,7,2
s5,542.0,22,1,0
s5,542.0,22,2,0
s5,542.0,22,3,0
s5,542.0,22,4,0
s5,542.0,22,5,0
s5,542.0,22,6,0
s5,542.0,22,7,1
s5,542.0,23,1,0
s5,542.0,23,2,0
s5,542.0,23,3,0
s5,542.0,23,4,0
s5,542.0,23,5,0
s5,542.0,23,6,0
s5,542.0,23,7,1
s6,613.0,0,1,1
s6,613.0,0,2,1
s6,613.0,0,3,0
s6,613.0,0,4,0
s6,613.0,0,5,0
s6,613.0,0,6,0
s6,613.0,0,7,0
s6,613.0,1,1,0
s6,613.0,1,2,0
s6,613.0,1,3,0
s6,613.0,1,4,0
s6,613.0,1,5,0
s6,613.0,1,6,0
s6,613.0,1,7,1
s6,613.0,2,1,0
s6,613.0,2,2,0
s6,613.0,2,3,0
s6,613.0,2,4,0
s6,613.0,2,5,0
s6,613.0,2,6,0
s6,613.0,2,7,0
s6,613.0,3,1,0
s6,613.0,3,2,1
s6,613.0,3,3,0
s6,613.0,3,4,0
s6,613.0,3,5,0
s6,613.0,3,6,0
s6,613.0,3,7,0
s6,613.0,4,1,0
s6,613.0,4,2,1
s6,613.0,4,3,0
s6,613.0,4,4,0
s6,613.0,4,5,0
s6,613.0,4,6,0
s6,613.0,4,7,0
s6,613.0,5,1,0
s6,613.0,5,2,0
s6,613.0,5,3,0
s6,613.0,5,4,0
s6,613.0,5,5,0
s6,613.0,5,6,0
s6,613.0,5,7,0
s6,613.0,6,1,0
s6,613.0,6,2,0
s6,613.0,6,3,0
s6,613.0,6,4,0
s6,613.0,6,5,0
s6,613.0,6,6,0
s6,613.0,6,7,0
s6,613.0,7,1,0
s6,613.0,7,2,0
s6,613.0,7,3,0
s6,613.0,7,4,0
s6,613.0,7,5,1
s6,613.0,7,6,0
s6,613.0,7,7,0
s6,613.0,8,1,0
s6,613.0,8,2,0
s6,613.0,8,3,0
s6,613.0,8,4,0
s6,613.0,8,5,1
s6,613.0,8,6,1
s6,613.0,8,7,1
s6,613.0,9,1,2
s6,613.0,9,2,1
s6,613.0,9,3,1
s6,613.0,9,4,0
s6,613.0,9,5,2
s6,613.0,9,6,3
s6,613.0,9,7,2
s6,613.0,10,1,3
s6,613.0,10,2,2
s6,613.0,10,3,3
s6,613.0,10,4,2
s6,613.0,10,5,2
s6,613.0,10,6,2
s6,613.0,10,7,2
s6,613.0,11,1,3
s6,613.0,11,2,3
s6,613.0,11,3,2
s6,613.0,11,4,2
s6,613.0,11,5,3
s6,613.0,11,6,3
s6,613.0,11,7,4
s6,613.0,12,1,4
s6,613.0,12,2,2
s6,613.0,12,3,2
s6,613.0,12,4,3
s6,613.0,12,5,3
s6,613.0,12,6,4
s6,613.0,12,7,5
s6,613.0,13,1,5
s6,613.0,13,2,3
s6,613.0,13,3,2
s6,613.0,13,4,4
s6,613.0,13,5,3
s6,613.0,13,6,4
s6,613.0,13,7,4
s6,613.0,14,1,4
s6,613.0,14,2,3
s6,613.0,14,3,2
s6,613.0,14,4,4
s6,613.0,14,5,3
s6,613.0,14,6,4
s6,613.0,14,7,5
s6,613.0,15,1,6
s6,613.0,15,2,4
s6,613.0,15,3,4
s6,613.0,15,4,3
s6,613.0,15,5,4
s6,613.0,15,6,4
s6,613.0,15,7,4
s6,613.0,16,1,4
s6,613.0,16,2,4
s6,613.0,16,3,3
s6,613.0,16,4,4
s6,613.0,16,5,4
s6,613.0,16,6,5
s6,613.0,16,7,5
s6,613.0,17,1,5
s6,613.0,17,2,4
s6,613.0,17,3,4
s6,613.0,17,4,2
s6,613.0,17,5,2
s6,613.0,17,6,4
s6,613.0,17,7,5
s6,613.0,18,1,3
s6,613.0,18,2,2
s6,613.0,18,3,2
s6,613.0,18,4,2
s6,613.0,18,5,1
s6,613.0,18,6,3
s6,613.0,18,7,3
s6,613.0,19,1,2
s6,613.0,19,2,3
s6,613.0,19,3,2
s6,613.0,19,4,1
s6,613.0,19,5,2
s6,613.0,19,6,2
s6,613.0,19,7,2
s6,613.0,20,1,2
s6,613.0,20,2,2
s6,613.0,20,3,1
s6,613.0,20,4,1
s6,613.0,20,5,1
s6,613.0,20,6,2
s6,613.0,20,7,0
s6,613.0,21,1,1
s6,613.0,21,2,2
s6,613.0,21,3,2
s6,613.0,21,4,0
s6,613.0,21,5,0
s6,613.0,21,6,2
s6,613.0,21,7,1
s6,613.0,22,1,1
s6,613.0,22,2,0
s6,613.0,22,3,0
s6,613.0,22,4,0
s6,613.0,22,5,1
s6,613.0,22,6,1
s6,613.0,22,7,1
s6,613.0,23,1,1
s6,613.0,23,2,0
s6,613.0,23,3,1
s6,613.0,23,4,0
s6,613.0,23,5,0
s6,613.0,23,6,1
s6,613.0,23,7,1
s7,678.0,0,1,0
s7,678.0,0,2,1
s7,678.0,0,3,0
s7,678.0,0,4,0
s7,678.0,0,5,0
s7,678.0,0,6,0
s7,678.0,0,7,1
s7,678.0,1,1,0
s7,678.0,1,2,0
s7,678.0,1,3,0
s7,678.0,1,4,0
s7,678.0,1,5,0
s7,678.0,1,6,0
s7,678.0,1,7,1
s7,678.0,2,1,0
s7,678.0,2,2,0
s7,678.0,2,3,0
s7,678.0,2,4,0
s7,678.0,2,5,0
s7,678.0,2,6,0
s7,678.0,2,7,0
s7,678.0,3,1,0
s7,678.0,3,2,0
s7,678.0,3,3,0
s7,678.0,3,4,0
s7,678.0,3,5,0
s7,678.0,3,6,0
s7,678.0,3,7,1
s7,678.0,4,1,0
s7,678.0,4,2,0
s7,678.0,4,3,0
s7,678.0,4,4,0
s7,678.0,4,5,0
s7,678.0,4,6,0
s7,678.0,4,7,0
s7,678.0,5,1,0
s7,678.0,5,2,0
s7,678.0,5,3,1
s7,678.0,5,4,0
s7,678.0,5,5,0
s7,678.0,5,6,0
s7,678.0,5,7,0
s7,678.0,6,1,0
s7,678.0,6,2,0
s7,678.0,6,3,0
s7,678.0,6,4,0
s7,678.0,6,5,0
s7,678.0,6,6,0
s7,678.0,6,7,0
s7,678.0,7,1,0
s7,678.0,7,2,0
s7,678.0,7,3,0
s7,678.0,7,4,0
s7,678.0,7,5,0
s7,678.0,7,6,0
s7,678.0,7,7,0
s7,678.0,8,1,1
s7,678.0,8,2,0
s7,678.0,8,3,0
s7,678.0,8,4,0
s7,678.0,8,5,0
s7,678.0,8,6,0
s7,678.0,8,7,0
s7,678.0,9,1,1
s7,678.0,9,2,2
s7,678.0,9,3,1
s7,678.0,9,4,0
s7,678.0,9,5,0
s7,678.0,9,6,2
s7,678.0,9,7,1
s7,678.0,10,1,1
s7,678.0,10,2,2
s7,678.0,10,3,1
s7,678.0,10,4,0
s7,678.0,10,5,1
s7,678.0,10,6,1
s7,678.0,10,7,2
s7,678.0,11,1,3
s7,678.0,11,2,1
s7,678.0,11,3,1
s7,678.0,11,4,1
s7,678.0,11,5,0
s7,678.0,11,6,2
s7,678.0,11,7,2
s7,678.0,12,1,3
s7,678.0,12,2,2
s7,678.0,12,3,3
s7,678.0,12,4,1
s7,678.0,12,5,1
s7,678.0,12,6,2
s7,678.0,12,7,1
s7,678.0,13,1,3
s7,678.0,13,2,2
s7,678.0,13,3,1
s7,678.0,13,4,2
s7,678.0,13,5,1
s7,678.0,13,6,2
s7,678.0,13,7,2
s7,678.0,14,1,2
s7,678.0,14,2,2
s7,678.0,14,3,3
s7,678.0,14,4,2
s7,678.0,14,5,3
s7,678.0,14,6,3
s7,678.0,14,7,4
s7,678.0,15,1,4
s7,678.0,15,2,3
s7,678.0,15,3,2
s7,678.0,15,4,3
s7,678.0,15,5,3
s7,678.0,15,6,3
s7,678.0,15,7,3
s7,678.0,16,1,2
s7,678.0,16,2,3
s7,678.0,16,3,3
s7,678.0,16,4,1
s7,678.0,16,5,1
s7,678.0,16,6,3
s7,678.0,16,7,3
s7,678.0,17,1,2
s7,678.0,17,2,2
s7,678.0,17,3,2
s7,678.0,17,4,1
s7,678.0,17,5,1
s7,678.0,17,6,3
s7,678.0,17,7,3
s7,678.0,18,1,2
s7,678.0,18,2,2
s7,678.0,18,3,1
s7,678.0,18,4,2
s7,678.0,18,5,3
s7,678.0,18,6,3
s7,678.0,18,7,3
s7,678.0,19,1,3
s7,678.0,19,2,1
s7,678.0,19,3,1
s7,678.0,19,4,2
s7,678.0,19,5,1
s7,678.0,19,6,2
s7,678.0,19,7,3
s7,678.0,20,1,2
s7,678.0,20,2,1
s7,678.0,20,3,1
s7,678.0,20,4,0
s7,678.0,20,5,2
s7,678.0,20,6,1
s7,678.0,20,7,1
s7,678.0,21,1,1
s7,678.0,21,2,0
s7,678.0,21,3,0
s7,678.0,21,4,0
s7,678.0,21,5,1
s7,678.0,21,6,2
s7,678.0,21,7,0
s7,678.0,22,1,1
s7,678.0,22,2,0
s7,678.0,22,3,0
s7,678.0,22,4,1
s7,678.0,22,5,1
s7,678.0,22,6,1
s7,678.0,22,7,1
s7,678.0,23,1,0
s7,678.0,23,2,0
s7,678.0,23,3,0
s7,678.0,23,4,0
s7,678.0,23,5,0
s7,678.0,23,6,1
s7,678.0,23,7,2
s8,800.0,0,1,1
s8,800.0,0,2,1
s8,800.0,0,3,1
s8,800.0,0,4,1
s8,800.0,0,5,1
s8,800.0,0,6,1
s8,800.0,0,7,3
s8,800.0,1,1,1
s8,800.0,1,2,1
s8,800.0,1,3,1
s8,800.0,1,4,0
s8,800.0,1,5,1
s8,800.0,1,6,2
s8,800.0,1,7,2
s8,800.0,2,1,1
s8,800.0,2,2,2
s8,800.0,2,3,0
s8,800.0,2,4,0
s8,800.0,2,5,0
s8,800.0,2,6,1
s8,800.0,2,7,2
s8,800.0,3,1,1
s8,800.0,3,2,1
s8,800.0,3,3,0
s8,800.0,3,4,1
s8,800.0,3,5,1
s8,800.0,3,6,0
s8,800.0,3,7,1
s8,800.0,4,1,0
s8,800.0,4,2,0
s8,800.0,4,3,0
s8,800.0,4,4,0
s8,800.0,4,5,0
s8,800.0,4,6,0
s8,800.0,4,7,1
s8,800.0,5,1,0
s8,800.0,5,2,0
s8,800.0,5,3,0
s8,800.0,5,4,0
s8,800.0,5,5,0
s8,800.0,5,6,1
s8,800.0,5,7,1
s8,800.0,6,1,1
s8,800.0,6,2,0
s8,800.0,6,3,0
s8,800.0,6,4,1
s8,800.0,6,5,2
s8,800.0,6,6,1
s8,800.0,6,7,1
s8,800.0,7,1,1
s8,800.0,7,2,1
s8,800.0,7,3,0
s8,800.0,7,4,2
s8,800.0,7,5,2
s8,800.0,7,6,2
s8,800.0,7,7,2
s8,800.0,8,1,1
s8,800.0,8,2,2
s8,800.0,8,3,2
s8,800.0,8,4,2
s8,800.0,8,5,2
s8,800.0,8,6,3
s8,800.0,8,7,4
s8,800.0,9,1,7
s8,800.0,9,2,3
s8,800.0,9,3,4
s8,800.0,9,4,4
s8,800.0,9,5,5
s8,800.0,9,6,4
s8,800.0,9,7,8
s8,800.0,10,1,7
s8,800.0,10,2,5
s8,800.0,10,3,4
s8,800.0,10,4,6
s8,800.0,10,5,5
s8,800.0,10,6,7
s8,800.0,10,7,10
s8,800.0,11,1,11
s8,800.0,11,2,6
s8,800.0,11,3,5
s8,800.0,11,4,10
s8,800.0,11,5,9
s8,800.0,11,6,8
s8,800.0,11,7,11
s8,800.0,12,1,11
s8,800.0,12,2,6
s8,800.0,12,3,5
s8,800.0,12,4,8
s8,800.0,12,5,9
s8,800.0,12,6,9
s8,800.0,12,7,9
s8,800.0,13,1,9
s8,800.0,13,2,6
s8,800.0,13,3,6
s8,800.0,13,4,8
s8,800.0,13,5,8
s8,800.0,13,6,9
s8,800.0,13,7,8
s8,800.0,14,1,13
s8,800.0,14,2,5
s8,800.0,14,3,4
s8,800.0,14,4,10
s8,800.0,14,5,8
s8,800.0,14,6,9
s8,800.0,14,7,11
s8,800.0,15,1,10
s8,800.0,15,2,5
s8,800.0,15,3,7
s8,800.0,15,4,9
s8,800.0,15,5,10
s8,800.0,15,6,9
s8,800.0,15,7,10
s8,800.0,16,1,10
s8,800.0,16,2,5
s8,800.0,16,3,6
s8,800.0,16,4,10
s8,800.0,16,5,11
s8,800.0,16,6,11
s8,800.0,16,7,8
s8,800.0,17,1,8
s8,800.0,17,2,5
s8,800.0,17,3,5
s8,800.0,17,4,6
s8,800.0,17,5,6
s8,800.0,17,6,8
s8,800.0,17,7,8
s8,800.0,18,1,6
s8,800.0,18,2,5
s8,800.0,18,3,5
s8,800.0,18,4,3
s8,800.0,18,5,6
s8,800.0,18,6,9
s8,800.0,18,7,8
s8,800.0,19,1,5
s8,800.0,19,2,5
s8,800.0,19,3,2
s8,800.0,19,4,3
s8,800.0,19,5,5
s8,800.0,19,6,6
s8,800.0,19,7,5
s8,800.0,20,1,3
s8,800.0,20,2,3
s8,800.0,20,3,4
s8,800.0,20,4,2
s8,800.0,20,5,6
s8,800.0,20,6,8
s8,800.0,20,7,4
s8,800.0,21,1,2
s8,800.0,21,2,2
s8,800.0,21,3,2
s8,800.0,21,4,2
s8,800.0,21,5,4
s8,800.0,21,6,3
s8,800.0,21,7,2
s8,800.0,22,1,2
s8,800.0,22,2,1
s8,800.0,22,3,2
s8,800.0,22,4,2
s8,800.0,22,5,2
s8,800.0,22,6,8
s8,800.0,22,7,2
s8,800.0,23,1,1
s8,800.0,23,2,1
s8,800.0,23,3,1
s8,800.0,23,4,1
s8,800.0,23,5,2
s8,800.0,23,6,4
s8,800.0,23,7,2
s9,920.0,0,1,2
s9,920.0,0,2,2
s9,920.0,0,3,2
s9,920.0,0,4,2
s9,920.0,0,5,1
s9,920.0,0,6,1
s9,920.0,0,7,1
s9,920.0,1,1,1
s9,920.0,1,2,1
s9,920.0,1,3,0
s9,920.0,1,4,0
s9,920.0,1,5,1
s9,920.0,1,6,1
s9,920.0,1,7,1
s9,920.0,2,1,1
s9,920.0,2,2,1
s9,920.0,2,3,0
s9,920.0,2,4,0
s9,920.0,2,5,0
s9,920.0,2,6,0
s9,920.0,2,7,0
s9,920.0,3,1,1
s9,920.0,3,2,0
s9,920.0,3,3,0
s9,920.0,3,4,0
s9,920.0,3,5,0
s9,920.0,3,6,0
s9,920.0,3,7,1
s9,920.0,4,1,0
s9,920.0,4,2,0
s9,920.0,4,3,0
s9,920.0,4,4,0
s9,920.0,4,5,0
s9,920.0,4,6,0
s9,920.0,4,7,1
s9,920.0,5,1,0
s9,920.0,5,2,0
s9,920.0,5,3,0
s9,920.0,5,4,0
s9,920.0,5,5,0
s9,920.0,5,6,1
s9,920.0,5,7,0
s9,920.0,6,1,0
s9,920.0,6,2,0
s9,920.0,6,3,0
s9,920.0,6,4,0
s9,920.0,6,5,1
s9,920.0,6,6,1
s9,920.0,6,7,1
s9,920.0,7,1,2
s9,920.0,7,2,0
s9,920.0,7,3,1
s9,920.0,7,4,1
s9,920.0,7,5,2
s9,920.0,7,6,1
s9,920.0,7,7,3
s9,920.0,8,1,2
s9,920.0,8,2,2
s9,920.0,8,3,2
s9,920.0,8,4,2
s9,920.0,8,5,3
s9,920.0,8,6,2
s9,920.0,8,7,3
s9,920.0,9,1,5
s9,920.0,9,2,4
s9,920.0,9,3,3
s9,920.0,9,4,3
s9,920.0,9,5,6
s9,920.0,9,6,6
s9,920.0,9,7,7
s9,920.0,10,1,6
s9,920.0,10,2,5
s9,920.0,10,3,5
s9,920.0,10,4,5
s9,920.0,10,5,6
s9,920.0,10,6,5
s9,920.0,10,7,10
s9,920.0,11,1,7
s9,920.0,11,2,6
s9,920.0,11,3,7
s9,920.0,11,4,5
s9,920.0,11,5,7
s9,920.0,11,6,7
s9,920.0,11,7,9
s9,920.0,12,1,10
s9,920.0,12,2,7
s9,920.0,12,3,5
s9,920.0,12,4,5
s9,920.0,12,5,6
s9,920.0,12,6,10
s9,920.0,12,7,7
s9,920.0,13,1,11
s9,920.0,13,2,7
s9,920.0,13,3,8
s9,920.0,13,4,6
s9,920.0,13,5,7
s9,920.0,13,6,8
s9,920.0,13,7,10
s9,920.0,14,1,10
s9,920.0,14,2,8
s9,920.0,14,3,8
s9,920.0,14,4,7
s9,920.0,14,5,9
s9,920.0,14,6,10
s9,920.0,14,7,8
s9,920.0,15,1,14
s9,920.0,15,2,9
s9,920.0,15,3,7
s9,920.0,15,4,9
s9,920.0,15,5,9
s9,920.0,15,6,12
s9,920.0,15,7,12
s9,920.0,16,1,16
s9,920.0,16,2,7
s9,920.0,16,3,8
s9,920.0,16,4,9
s9,920.0,16,5,10
s9,920.0,16,6,11
s9,920.0,16,7,12
s9,920.0,17,1,14
s9,920.0,17,2,8
s9,920.0,17,3,9
s9,920.0,17,4,9
s9,920.0,17,5,10
s9,920.0,17,6,10
s9,920.0,17,7,9
s9,920.0,18,1,11
s9,920.0,18,2,5
s9,920.0,18,3,7
s9,920.0,18,4,6
s9,920.0,18,5,9
s9,920.0,18,6,11
s9,920.0,18,7,7
s9,920.0,19,1,9
s9,920.0,19,2,6
s9,920.0,19,3,6
s9,920.0,19,4,5
s9,920.0,19,5,7
s9,920.0,19,6,9
s9,920.0,19,7,7
s9,920.0,20,1,7
s9,920.0,20,2,6
s9,920.0,20,3,5
s9,920.0,20,4,5
s9,920.0,20,5,6
s9,920.0,20,6,7
s9,920.0,20,7,7
s9,920.0,21,1,4
s9,920.0,21,2,5
s9,920.0,21,3,4
s9,920.0,21,4,5
s9,920.0,21,5,5
s9,920.0,21,6,7
s9,920.0,21,7,4
s9,920.0,22,1,4
s9,920.0,22,2,2
s9,920.0,22,3,2
s9,920.0,22,4,2
s9,920.0,22,5,3
s9,920.0,22,6,5
s9,920.0,22,7,4
s9,920.0,23,1,3
s9,920.0,23,2,2
s9,920.0,23,3,2
s9,920.0,23,4,1
s9,920.0,23,5,3
s9,920.0,23,6,3
s9,920.0,23,7,3
s10,1027.0,0,1,1
s10,1027.0,0,2,2
s10,1027.0,0,3,2
s10,1027.0,0,4,2
s10,1027.0,0,5,1
s10,1027.0,0,6,2
s10,1027.0,0,7,2
s10,1027.0,1,1,0
s10,1027.0,1,2,1
s10,1027.0,1,3,0
s10,1027.0,1,4,1
s10,1027.0,1,5,0
s10,1027.0,1,6,1
s10,1027.0,1,7,2
s10,1027.0,2,1,1
s10,1027.0,2,2,0
s10,1027.0,2,3,0
s10,1027.0,2,4,0
s10,1027.0,2,5,0
s10,1027.0,2,6,0
s10,1027.0,2,7,0
s10,1027.0,3,1,0
s10,1027.0,3,2,1
s10,1027.0,3,3,0
s10,1027.0,3,4,0
s10,1027.0,3,5,0
s10,1027.0,3,6,0
s10,1027.0,3,7,0
s10,1027.0,4,1,0
s10,1027.0,4,2,1
s10,1027.0,4,3,1
s10,1027.0,4,4,0
s10,1027.0,4,5,0
s10,1027.0,4,6,0
s10,1027.0,4,7,1
s10,1027.0,5,1,1
s10,1027.0,5,2,1
s10,1027.0,5,3,1
s10,1027.0,5,4,0
s10,1027.0,5,5,2
s10,1027.0,5,6,1
s10,1027.0,5,7,0
s10,1027.0,6,1,2
s10,1027.0,6,2,3
s10,1027.0,6,3,1
s10,1027.0,6,4,1
s10,1027.0,6,5,2
s10,1027.0,6,6,2
s10,1027.0,6,7,2
s10,1027.0,7,1,2
s10,1027.0,7,2,3
s10,1027.0,7,3,4
s10,1027.0,7,4,2
s10,1027.0,7,5,2
s10,1027.0,7,6,3
s10,1027.0,7,7,3
s10,1027.0,8,1,4
s10,1027.0,8,2,4
s10,1027.0,8,3,5
s10,1027.0,8,4,4
s10,1027.0,8,5,5
s10,1027.0,8,6,5
s10,1027.0,8,7,4
s10,1027.0,9,1,5
s10,1027.0,9,2,5
s10,1027.0,9,3,4
s10,1027.0,9,4,4
s10,1027.0,9,5,6
s10,1027.0,9,6,5
s10,1027.0,9,7,7
s10,1027.0,10,1,8
s10,1027.0,10,2,7
s10,1027.0,10,3,6
s10,1027.0,10,4,6
s10,1027.0,10,5,4
s10,1027.0,10,6,6
s10,1027.0,10,7,7
s10,1027.0,11,1,8
s10,1027.0,11,2,6
s10,1027.0,11,3,7
s10,1027.0,11,4,7
s10,1027.0,11,5,6
s10,1027.0,11,6,7
s10,1027.0,11,7,7
s10,1027.0,12,1,10
s10,1027.0,12,2,7
s10,1027.0,12,3,8
s10,1027.0,12,4,8
s10,1027.0,12,5,6
s10,1027.0,12,6,8
s10,1027.0,12,7,9
s10,1027.0,13,1,9
s10,1027.0,13,2,8
s10,1027.0,13,3,6
s10,1027.0,13,4,6
s10,1027.0,13,5,6
s10,1027.0,13,6,7
s10,1027.0,13,7,7
s10,1027.0,14,1,12
s10,1027.0,14,2,10
s10,1027.0,14,3,6
s10,1027.0,14,4,7
s10,1027.0,14,5,9
s10,1027.0,14,6,10
s10,1027.0,14,7,8
s10,1027.0,15,1,12
s10,1027.0,15,2,9
s10,1027.0,15,3,7
s10,1027.0,15,4,11
s10,1027.0,15,5,9
s10,1027.0,15,6,11
s10,1027.0,15,7,11
s10,1027.0,16,1,12
s10,1027.0,16,2,9
s10,1027.0,16,3,9
s10,1027.0,16,4,9
s10,1027.0,16,5,9
s10,1027.0,16,6,12
s10,1027.0,16,7,10
s10,1027.0,17,1,10
s10,1027.0,17,2,9
s10,1027.0,17,3,10
s10,1027.0,17,4,9
s10,1027.0,17,5,10
s10,1027.0,17,6,11
s10,1027.0,17,7,10
s10,1027.0,18,1,9
s10,1027.0,18,2,8
s10,1027.0,18,3,6
s10,1027.0,18,4,8
s10,1027.0,18,5,8
s10,1027.0,18,6,8
s10,1027.0,18,7,8
s10,1027.0,19,1,10
s10,1027.0,19,2,6
s10,1027.0,19,3,6
s10,1027.0,19,4,8
s10,1027.0,19,5,7
s10,1027.0,19,6,7
s10,1027.0,19,7,6
s10,1027.0,20,1,6
s10,1027.0,20,2,6
s10,1027.0,20,3,5
s10,1027.0,20,4,5
s10,1027.0,20,5,7
s10,1027.0,20,6,7
s10,1027.0,20,7,6
s10,1027.0,21,1,6
s10,1027.0,21,2,5
s10,1027.0,21,3,5
s10,1027.0,21,4,4
s10,1027.0,21,5,5
s10,1027.0,21,6,7
s10,1027.0,21,7,6
s10,1027.0,22,1,7
s10,1027.0,22,2,3
s10,1027.0,22,3,5
s10,1027.0,22,4,5
s10,1027.0,22,5,3
s10,1027.0,22,6,6
s10,1027.0,22,7,5
s10,1027.0,23,1,3
s10,1027.0,23,2,3
s10,1027.0,23,3,3
s10,1027.0,23,4,2
s10,1027.0,23,5,3
s10,1027.0,23,6,3
s10,1027.0,23,7,3
s11,1133.0,0,1,4
s11,1133.0,0,2,4
s11,1133.0,0,3,4
s11,1133.0,0,4,5
s11,1133.0,0,5,4
s11,1133.0,0,6,5
s11,1133.0,0,7,5
s11,1133.0,1,1,3
s11,1133.0,1,2,1
s11,1133.0,1,3,1
s11,1133.0,1,4,3
s11,1133.0,1,5,1
s11,1133.0,1,6,1
s11,1133.0,1,7,3
s11,1133.0,2,1,1
s11,1133.0,2,2,1
s11,1133.0,2,3,0
s11,1133.0,2,4,1
s11,1133.0,2,5,1
s11,1133.0,2,6,1
s11,1133.0,2,7,1
s11,1133.0,3,1,1
s11,1133.0,3,2,1
s11,1133.0,3,3,1
s11,1133.0,3,4,0
s11,1133.0,3,5,0
s11,1133.0,3,6,0
s11,1133.0,3,7,1
s11,1133.0,4,1,0
s11,1133.0,4,2,1
s11,1133.0,4,3,0
s11,1133.0,4,4,0
s11,1133.0,4,5,0
s11,1133.0,4,6,0
s11,1133.0,4,7,0
s11,1133.0,5,1,0
s11,1133.0,5,2,1
s11,1133.0,5,3,1
s11,1133.0,5,4,0
s11,1133.0,5,5,3
s11,1133.0,5,6,1
s11,1133.0,5,7,1
s11,1133.0,6,1,0
s11,1133.0,6,2,1
s11,1133.0,6,3,1
s11,1133.0,6,4,1
s11,1133.0,6,5,1
s11,1133.0,6,6,1
s11,1133.0,6,7,1
s11,1133.0,7,1,1
s11,1133.0,7,2,4
s11,1133.0,7,3,2
s11,1133.0,7,4,3
s11,1133.0,7,5,2
s11,1133.0,7,6,4
s11,1133.0,7,7,3
s11,1133.0,8,1,1
s11,1133.0,8,2,5
s11,1133.0,8,3,5
s11,1133.0,8,4,5
s11,1133.0,8,5,4
s11,1133.0,8,6,4
s11,1133.0,8,7,2
s11,1133.0,9,1,3
s11,1133.0,9,2,5
s11,1133.0,9,3,5
s11,1133.0,9,4,4
s11,1133.0,9,5,5
s11,1133.0,9,6,4
s11,1133.0,9,7,4
s11,1133.0,10,1,3
s11,1133.0,10,2,3
s11,1133.0,10,3,4
s11,1133.0,10,4,5
s11,1133.0,10,5,5
s11,1133.0,10,6,4
s11,1133.0,10,7,4
s11,1133.0,11,1,5
s11,1133.0,11,2,4
s11,1133.0,11,3,4
s11,1133.0,11,4,6
s11,1133.0,11,5,6
s11,1133.0,11,6,5
s11,1133.0,11,7,5
s11,1133.0,12,1,5
s11,1133.0,12,2,6
s11,1133.0,12,3,6
s11,1133.0,12,4,4
s11,1133.0,12,5,5
s11,1133.0,12,6,6
s11,1133.0,12,7,5
s11,1133.0,13,1,6
s11,1133.0,13,2,5
s11,1133.0,13,3,5
s11,1133.0,13,4,6
s11,1133.0,13,5,6
s11,1133.0,13,6,6
s11,1133.0,13,7,5
s11,1133.0,14,1,8
s11,1133.0,14,2,4
s11,1133.0,14,3,5
s11,1133.0,14,4,4
s11,1133.0,14,5,4
s11,1133.0,14,6,6
s11,1133.0,14,7,6
s11,1133.0,15,1,6
s11,1133.0,15,2,5
s11,1133.0,15,3,6
s11,1133.0,15,4,5
s11,1133.0,15,5,9
s11,1133.0,15,6,9
s11,1133.0,15,7,6
s11,1133.0,16,1,7
s11,1133.0,16,2,5
s11,1133.0,16,3,9
s11,1133.0,16,4,7
s11,1133.0,16,5,6
s11,1133.0,16,6,6
s11,1133.0,16,7,9
s11,1133.0,17,1,6
s11,1133.0,17,2,6
s11,1133.0,17,3,10
s11,1133.0,17,4,9
s11,1133.0,17,5,9
s11,1133.0,17,6,10
s11,1133.0,17,7,7
s11,1133.0,18,1,5
s11,1133.0,18,2,6
s11,1133.0,18,3,6
s11,1133.0,18,4,6
s11,1133.0,18,5,6
s11,1133.0,18,6,9
s11,1133.0,18,7,5
s11,1133.0,19,1,5
s11,1133.0,19,2,8
s11,1133.0,19,3,6
s11,1133.0,19,4,6
s11,1133.0,19,5,6
s11,1133.0,19,6,10
s11,1133.0,19,7,4
s11,1133.0,20,1,6
s11,1133.0,20,2,7
s11,1133.0,20,3,9
s11,1133.0,20,4,6
s11,1133.0,20,5,6
s11,1133.0,20,6,5
s11,1133.0,20,7,5
s11,1133.0,21,1,6
s11,1133.0,21,2,5
s11,1133.0,21,3,9
s11,1133.0,21,4,5
s11,1133.0,21,5,9
s11,1133.0,21,6,9
s11,1133.0,21,7,5
s11,1133.0,22,1,7
s11,1133.0,22,2,5
s11,1133.0,22,3,9
s11,1133.0,22,4,7
s11,1133.0,22,5,10
s11,1133.0,22,6,11
s11,1133.0,22,7,6
s11,1133.0,23,1,9
s11,1133.0,23,2,7
s11,1133.0,23,3,10
s11,1133.0,23,4,7
s11,1133.0,23,5,11
s11,1133.0,23,6,11
s11,1133.0,23,7,9
