job_id,horizon,weekday,day_id,net_profit_yuan,service_income_yuan,charging_cost_yuan,adjustment_cost_yuan,reservation_failure_cost_yuan,reservation_count,actual_random_count,reservation_failures,reservation_failure_rate,reservation_completed,reservation_unfinished_at_L,reservation_unfinished_rate_at_L,reservation_unfinished_after_cleanup,random_services,random_service_rate,mean_wait_minutes_served,path_adjustments,solver_seconds_mean,solver_seconds_p95,model_wall_seconds_mean,model_wall_seconds_p95,model_wall_seconds_total,mip_gap_mean,mip_gap_max,mip_gap_target_met_fraction,completed_periods,demand_periods,cleanup_periods,cleanup_hours,time_limit_fraction,final_inventory_kwh,random_timeouts,operating_duration_hours,max_power_correction_kw,max_station_excess_kw,max_soc_balance_residual,cleanup_net_profit_yuan,actual_legs_below_pruning_threshold,selected_legs_below_pruning_threshold,demand_solver_seconds_mean,demand_solver_seconds_p95,demand_time_limit_fraction,demand_gap_met_fraction,mean_model_binary_variables,final_full_batteries,final_mean_soc,cleanup_service_income_yuan,cleanup_charging_cost_yuan,cleanup_adjustment_cost_yuan,cleanup_failure_cost_yuan
h4_day01,4,1,1,-93653.26717971961,25504.78741950999,638.0545992296103,520.0,118000.0,200,200,118,0.59,82,20,0.1,0,121,0.605,11.665398423670947,52,0.09769579016644021,0.23250064849853513,0.2125570686951624,0.3641593600012129,24.444062899943674,7.466142149400908e-07,8.586063471811045e-05,1.0,115,96,19,4.75,0.0,6995.9186197741,79,24.0,0.0,0.0,4.893030425279221e-13,-18729.6638225901,39,3120,0.11507304509480794,0.2362499237060547,0.0,1.0,2535.0208333333335,12,0.279836744790964,280.33617740989996,2.816591404553039e-13,10.0,19000.0
h4_day37,4,2,37,-95857.02743548663,25416.770809986418,803.7982454730326,470.0,120000.0,200,200,120,0.6,80,17,0.085,0,124,0.62,12.458501554975348,47,0.10450466548170999,0.22580146789550765,0.21629724205579287,0.35243562001560347,23.143804899969837,5.624969251259471e-11,5.076921448298763e-09,1.0,107,96,11,2.75,0.0,7490.28672376,76,24.0,0.0,0.0,4.991285162958548e-13,-16010.0,50,3661,0.11580208937327068,0.23125123977661133,0.0,1.0,2500.0,20,0.29961146895040003,0.0,7.059242079776593e-14,10.0,16000.0
h4_day03,4,3,3,-92219.57581630923,26023.997537763724,723.5733540729476,520.0,117000.0,200,200,117,0.585,83,18,0.09,0,122,0.61,12.513358265481836,52,0.11364491186409353,0.25479907989501926,0.22637966728690906,0.40609227000095416,24.22262439969927,1.2221904659594295e-06,6.973997774471586e-05,1.0,107,96,11,2.75,0.0,6690.5235504839,78,24.0,0.0,0.0,4.956359269021621e-12,-16020.0,57,3656,0.12608335415522257,0.2644991874694824,0.0,1.0,2501.8125,8,0.267620942019356,0.0,9.663381206337363e-15,20.0,16000.0
h4_day04,4,4,4,-91381.92637498092,25443.894925101325,475.82130008223453,350.0,116000.0,200,200,116,0.58,84,18,0.09,0,117,0.585,11.443819577583074,35,0.08581482922589337,0.19965028762817383,0.19127137037058775,0.32407338999328195,20.657308000023477,0.0,0.0,1.0,108,96,12,3.0,0.0,7094.0771584484,83,24.0,0.0,0.0,4.830580380144056e-13,-18000.0,38,2771,0.09555212656656902,0.20050048828125,0.0,1.0,2348.6875,14,0.283763086337936,0.0,2.771116669464394e-13,0.0,18000.0
h4_day19,4,5,19,-94355.02754158975,25990.629673538628,855.6572151283935,490.0,119000.0,200,200,119,0.595,81,18,0.09,0,128,0.64,11.677867345426591,49,0.09369147826578016,0.21959953308105426,0.20184628411346314,0.3463642400049138,21.597552400140557,1.0221359578376112e-06,9.104755226505434e-05,1.0,107,96,11,2.75,0.0,6862.342539294801,72,24.0,0.0,0.0,4.969635813978357e-13,-15951.17401150133,55,3407,0.1037186582883199,0.23224925994873047,0.0,1.0,2417.15625,7,0.27449370157179204,68.82598849867021,3.3395508580724704e-14,20.0,16000.0
h4_day13,4,6,13,-112004.81449225164,24621.297544058558,206.1120363101885,420.0,136000.0,200,200,136,0.68,64,17,0.085,0,132,0.66,11.867490753424796,42,0.08587844349513545,0.19680023193359358,0.19483053551281793,0.35260313001053856,20.84686729987152,6.246274061586446e-07,6.683513245897497e-05,1.0,107,96,11,2.75,0.0,7229.1294411253,68,24.0,0.0,0.0,4.936051567483446e-13,-15020.0,55,3978,0.09514576196670532,0.2012500762939453,0.0,1.0,2438.0104166666665,12,0.289165177645012,0.0,1.4580336937797266e-13,20.0,15000.0
h4_day14,4,7,14,-97474.43544520813,25889.899357501068,934.3348027092011,430.0,122000.0,200,200,122,0.61,78,15,0.075,0,129,0.645,11.93120892170725,43,0.10814816863448531,0.23490056991577143,0.22782660185071613,0.3881828750076238,24.605272999877343,0.0,0.0,1.0,108,96,12,3.0,0.0,7021.372880854399,71,24.0,0.0,0.0,3.0487902459521046e-12,-14020.0,48,3263,0.1209062139193217,0.2382512092590332,0.0,1.0,2679.3125,13,0.280854915234176,0.0,1.3034906487519045e-13,20.0,14000.0
h5_day01,5,1,1,-77914.81483105653,28369.891695860177,1694.7065269167217,590.0,104000.0,200,200,104,0.52,96,27,0.135,0,122,0.61,10.813985603257157,59,0.15059635095429003,0.3764000892639159,0.27189365526346754,0.5128368100005899,30.995876700035296,2.496797924014363e-06,8.763529400047296e-05,1.0,114,96,18,4.5,0.0,6662.337143241899,78,24.0,0.0,0.0,2.2939983246317297e-12,-25930.795337671636,40,3107,0.1773956815401713,0.39225006103515625,0.0,1.0,2797.8541666666665,15,0.26649348572967596,101.60817110026998,12.40350877190549,20.0,26000.0
h5_day37,5,2,37,-87352.09911085441,27910.321346964047,1722.4204578184604,540.0,113000.0,200,200,113,0.565,87,22,0.11,0,128,0.64,11.700447812097039,54,0.15025223441745925,0.4485000610351562,0.26943268869628967,0.5927081300033022,30.984759200073313,2.323250999278322e-06,9.012865333163157e-05,1.0,115,96,19,4.75,0.0,7158.360398807601,72,24.0,0.0,0.0,4.995170943544736e-13,-20942.453333333382,50,3653,0.17881258328755698,0.46124935150146484,0.0,1.0,2779.53125,18,0.286334415952304,67.546666666617,3.9623415659662043e-13,10.0,21000.0
h5_day03,5,3,3,-80474.46667475483,29097.946918593283,1972.4135933481036,600.0,107000.0,200,200,107,0.535,93,23,0.115,0,124,0.62,12.07474025154528,60,0.17973641482266514,0.494349956512451,0.3015971863623814,0.6424750049991416,33.17569049986196,1.3939744357746472e-06,8.372191544066669e-05,1.0,110,96,14,3.5,0.0,6254.3348562766,76,24.0,0.0,0.0,4.935496455971133e-13,-21020.0,57,3654,0.20491671562194824,0.5200004577636719,0.0,1.0,2787.9375,8,0.250173394251064,0.0,2.0285995105950848e-13,20.0,21000.0
h5_day04,5,4,4,-77841.39238329025,28027.396814382642,1428.7891976729122,440.0,104000.0,200,200,104,0.52,96,21,0.105,0,119,0.595,11.57103711424548,44,0.11719850509885758,0.3359990119934082,0.22504728253850426,0.48226237500057323,28.355957599851536,9.6736934282961e-07,9.528813935041033e-05,1.0,126,96,30,7.5,0.0,6761.8686610382,81,24.0,0.0,0.0,4.93050045236032e-13,-18567.27787677905,39,2770,0.150489608446757,0.349001407623291,0.0,1.0,2596.3541666666665,14,0.270474746441528,567.0158434392999,124.2937202183506,10.0,19000.0
h5_day19,5,5,19,-79954.23162883695,30015.49393940198,2369.7255682389186,600.0,107000.0,200,200,107,0.535,93,20,0.1,0,134,0.67,10.954933899457023,60,0.14436585341042618,0.3558990478515625,0.2563934243883752,0.5177061800030057,31.53639119977015,1.7647034090926967e-06,7.025188508388009e-05,1.0,123,96,27,6.75,0.0,6301.223220777701,66,24.0,0.0,0.0,4.969635813978357e-13,-17765.734032321965,55,3407,0.18262503544489542,0.42925071716308594,0.0,1.0,2690.8333333333335,5,0.252048928831108,308.4043647834442,64.13839710540958,10.0,18000.0
h5_day13,5,6,13,-96003.33631241092,27846.22113141554,1339.5574438264666,510.0,122000.0,200,200,122,0.61,78,22,0.11,0,135,0.675,11.77525775942258,51,0.13481876767914872,0.36999940872192383,0.25088898793107767,0.5381958000070881,29.10312260000501,7.161863772931243e-07,8.307761976600241e-05,1.0,116,96,20,5.0,0.0,6678.2542303786995,65,24.0,0.0,0.0,5.864753127582389e-13,-19963.349606160693,55,3972,0.16155185302098593,0.37849903106689453,0.0,1.0,2710.46875,12,0.267130169215148,69.053902611286,12.403508771979183,20.0,20000.0
h5_day14,5,7,14,-86602.75469710231,28665.87788079676,1768.6325778990436,500.0,113000.0,200,200,113,0.565,87,19,0.095,0,135,0.675,11.811833714360342,50,0.1562222021597403,0.38664875030517526,0.287113705555115,0.5490074299930708,31.008280199952424,1.7365824965593427e-06,7.480301145234745e-05,1.0,108,96,12,3.0,0.0,6451.7526106898,65,24.0,0.0,0.0,4.981570711493077e-13,-16840.934431245816,48,3261,0.17472918828328451,0.4109992980957031,0.0,1.0,2956.4583333333335,12,0.25807010442759204,183.86556875418424,4.800000000000148,20.0,17000.0
h6_day01,6,1,1,-48134.62476245131,35012.35403171973,4346.978794171069,800.0,78000.0,200,200,78,0.39,122,31,0.155,0,139,0.695,11.557387094607202,80,1.3812086519987687,0.8389003753662108,1.5186599399998237,1.011991109990049,174.64589309997973,2.117082928032769e-05,0.002036280739253663,0.991304347826087,115,96,19,4.75,0.008695652173913044,5667.5437934915,61,24.0,0.0,0.0,4.893030425279221e-13,-27594.568428384384,44,3119,1.6504583358764648,0.9022512435913086,0.010416666666666666,0.9895833333333334,3122.5,10,0.22670175173966,455.638601006195,30.207029390578484,20.0,28000.0
h6_day37,6,2,37,-42784.36595259729,36592.13476767216,5486.500720269496,890.0,73000.0,200,200,73,0.365,127,25,0.125,0,142,0.71,13.12023335474324,89,0.5231637461432095,1.7554998397827148,0.6596274301738394,1.9337984250159934,76.51678190016537,3.918466611716778e-06,9.971423522904566e-05,1.0,116,96,20,5.0,0.0,6190.7781457276005,58,24.0,0.0,0.0,5.74429392941056e-13,-21770.3608076078,52,3657,0.6277082761128744,1.9605002403259277,0.0,1.0,3108.3645833333335,11,0.24763112582910402,342.80235028708097,83.16315789488246,30.0,22000.0
h6_day03,6,3,3,-35681.534526331416,37544.89162784038,5476.426154171801,750.0,67000.0,200,200,67,0.335,133,26,0.13,0,134,0.67,12.429311268180486,75,1.677739848935507,2.530799865722656,1.8140809495937613,2.7606741299881827,223.13195680003264,2.3549224928554343e-05,0.0027264736322072515,0.991869918699187,123,96,27,6.75,0.008130081300813009,5003.8739353942,66,24.0,0.0,0.0,9.540501721971856e-12,-11463.015401363515,58,3656,2.1352187395095825,3.1557507514953613,0.010416666666666666,0.9895833333333334,3083.3333333333335,1,0.200154957415768,2123.454268587408,536.4696699509246,50.0,13000.0
h6_day04,6,4,4,-51503.654263794146,33319.62402304991,3163.2782868440995,660.0,81000.0,200,200,81,0.405,119,21,0.105,0,129,0.645,11.64734889257024,66,0.3274880523681641,0.9616004943847652,0.4475799088005442,1.1244621599966191,55.94748860006803,1.5424587230277921e-06,8.740874685722198e-05,1.0,125,96,29,7.25,0.0,5664.118932790399,71,24.0,0.0,0.0,4.93050045236032e-13,-17432.108536920096,40,2770,0.42160425583521527,1.554999828338623,0.0,1.0,2886.4895833333335,9,0.226564757311616,690.308867508586,122.4174044286824,0.0,18000.0
h6_day19,6,5,19,-53049.372030307335,36686.896526787765,4876.268557095268,860.0,84000.0,200,200,84,0.42,116,24,0.12,0,149,0.745,11.80615874781108,86,1.7364453226327896,2.987049865722653,1.865194866406,3.198097504999893,238.744942899968,7.4926627223858755e-06,9.986692186760574e-05,1.0,128,96,32,8.0,0.0,5156.941884627499,51,24.0,0.0,0.0,4.969635813978357e-13,-21526.181849697656,56,3409,2.3087083299954734,4.786499500274658,0.0,1.0,3007.6041666666665,1,0.20627767538509997,666.1376981163562,182.31954781401268,10.0,22000.0
h6_day13,6,6,13,-61058.72442964826,34761.654458204976,4140.378887853218,680.0,91000.0,200,200,91,0.455,109,25,0.125,0,146,0.73,12.797635207209773,68,0.30905172742646314,1.0352487564086914,0.4408633913792136,1.1958562750005512,51.140153399988776,2.769467893110206e-06,9.735357844607382e-05,1.0,116,96,20,5.0,0.0,5647.6999232027,54,24.0,0.0,0.0,4.936051567483446e-13,-22961.446097388714,56,3969,0.37142709891001385,1.1097493171691895,0.0,1.0,3017.0416666666665,6,0.225907996928108,69.053902611286,10.500000000000488,20.0,23000.0
h6_day14,6,7,14,-56997.18951768081,34669.53935092937,3986.7288686101697,680.0,87000.0,200,200,87,0.435,113,22,0.11,0,145,0.725,11.366910944602534,68,0.3518748623984201,0.9390497207641596,0.49948498482340903,1.1397161950022556,55.942318300221814,2.4788263062574377e-06,9.391872003044048e-05,1.0,112,96,16,4.0,0.0,5258.0617736523,55,24.0,0.0,0.0,4.981570711493077e-13,-19698.391097912732,49,3261,0.40791646639506024,0.9807496070861816,0.0,1.0,3257.3645833333335,4,0.210322470946092,326.4089020872692,4.800000000000288,20.0,20000.0
h7_day01,7,1,1,36962.69230861997,51911.19974670319,13428.507438083103,1520.0,0.0,200,200,0,0.0,200,34,0.17,0,173,0.865,12.3867293121331,152,14.834342354896085,120.00299949645996,14.986019206712461,120.32681773999357,2232.9168618001568,0.0007709947726963453,0.019709507299763833,0.912751677852349,149,96,53,13.25,0.087248322147651,4891.489820643199,27,24.0,0.0,0.0,1.134577316962656e-12,4250.918408587363,48,3131,22.96401047706604,120.00325012207031,0.13541666666666666,0.8645833333333334,3491.3125,3,0.19565959282572795,6330.502126610279,1869.5837180229141,210.0,0.0
h7_day37,7,2,37,36891.20535547499,51848.818951564805,13657.613596089679,1300.0,0.0,200,200,0,0.0,200,32,0.16,0,170,0.85,12.98296246237507,130,18.14928472910496,120.00399971008301,18.30132156225046,120.34398175000388,2763.49955589982,0.0009321556272615045,0.024841763673466116,0.8940397350993378,151,96,55,13.75,0.10596026490066225,5088.1529706939,30,24.0,0.0,0.0,1.0633547745995847e-11,3619.7024121765785,55,3667,28.488072911898296,120.00650072097778,0.16666666666666666,0.8333333333333334,3432.28125,1,0.203526118827756,5263.099161866746,1493.3967496901644,150.0,0.0
h7_day03,7,3,3,37511.615089655,53716.48906207011,14814.873972415015,1390.0,0.0,200,200,0,0.0,200,34,0.17,0,171,0.855,13.022377195035716,139,15.802068855022561,120.00859909057617,15.957352488275,120.35506309998455,2313.816110799875,0.0033951945614315478,0.06023418158682771,0.8896551724137931,145,96,49,12.25,0.1103448275862069,5185.9059954128,29,24.0,0.0,0.0,2.7403079805310426e-12,3221.4802551598677,59,3659,23.799051980177563,120.01424980163574,0.16666666666666666,0.8333333333333334,3534.9479166666665,0,0.207436239816512,5156.40545493678,1714.9251997769093,220.0,0.0
h7_day04,7,4,4,33892.66091473557,51753.786829830424,13461.125915094877,1400.0,3000.0,200,200,3,0.015,197,31,0.155,0,173,0.865,12.606973288380662,140,14.00827200272504,120.00325012207031,14.191304686030302,120.37837297501392,1930.017437300121,0.001460575572850033,0.04082785324446245,0.9117647058823529,136,96,40,10.0,0.08823529411764706,4835.0127861135,27,24.0,0.0,0.0,2.846200306688694e-12,2468.7319328793956,43,2779,19.79101037979126,120.00499963760376,0.125,0.875,3291.8020833333335,1,0.19340051144453999,5033.947359816488,1355.2154269370908,210.0,1000.0
h7_day19,7,5,19,38377.52062400987,53808.93751354786,14071.416889537875,1360.0,0.0,200,200,0,0.0,200,33,0.165,0,175,0.875,12.748746805000234,136,15.032959930419922,120.00300025939941,15.212975525599205,120.35418697999557,1901.6219406999007,0.0013033287916431858,0.037405391736005725,0.896,125,96,29,7.25,0.104,4439.4723954478995,25,24.0,0.0,0.0,3.371572477746217e-10,3406.984507237803,56,3409,19.52924992640813,120.00400018692017,0.13541666666666666,0.8645833333333334,3452.1354166666665,0,0.17757889581791597,4987.319420809975,1510.3349135721703,70.0,0.0
h7_day13,7,6,13,36859.908591930274,51611.256196828646,13461.347604898276,1290.0,0.0,200,200,0,0.0,200,31,0.155,0,179,0.895,13.073450083533105,129,18.494643847147625,120.00545082092285,18.66428809469675,120.36979357999662,2463.686028499971,0.0019809651335870333,0.04922383991982956,0.8712121212121212,132,96,36,9.0,0.12878787878787878,5171.9959654102995,21,24.0,0.0,0.0,4.582499712430283e-12,2828.706394534263,60,3984,25.376916587352753,120.00625038146973,0.17708333333333334,0.8229166666666666,3385.8125,0,0.206879838616412,4118.72975655317,1110.0233620189063,180.0,0.0
h7_day14,7,7,14,39765.7497899139,57569.976893091516,16184.227103177505,1620.0,0.0,200,200,0,0.0,200,42,0.21,0,176,0.88,13.30030646869268,162,14.221782359947152,120.00569934844971,14.414306918368398,120.38880574999493,2118.9031170001545,0.001567617331707105,0.04040444357595861,0.9115646258503401,147,96,51,12.75,0.08843537414965986,4437.2503109791005,24,24.0,0.0,0.0,4.534955203290146e-12,4991.084532548838,52,3270,21.66080218553543,120.00799989700317,0.13541666666666666,0.8645833333333334,3823.6770833333335,0,0.177490012439164,7994.036425862647,2722.951893313808,280.0,0.0
h8_day01,8,1,1,38967.81597443553,55535.731425562386,14657.915451126708,1910.0,0.0,200,200,0,0.0,200,36,0.18,0,176,0.88,12.085696507897408,191,34.775370114809505,120.23934955596924,34.97869749870147,120.48932629500487,5386.719414800027,0.009324484394017332,0.09656376652771254,0.7272727272727273,154,96,58,14.5,0.2727272727272727,4385.2024325927,24,24.0,4.210960469208658e-10,0.0,4.755536336622738e-12,4841.812219596375,40,3123,55.641874969005585,120.26674938201904,0.4375,0.5625,3959.15625,0,0.175408097303708,6950.640164044172,1908.8279444477946,200.0,0.0
h8_day37,8,2,37,37899.68185411986,55505.37688464479,15505.695030524752,2100.0,0.0,200,200,0,0.0,200,39,0.195,0,179,0.895,13.223010033881609,210,36.34815279642741,120.11685123443604,36.577366863890546,120.56067719001439,5267.140828400239,0.010696245493947092,0.11701806420336078,0.7083333333333334,144,96,48,12.0,0.2916666666666667,4997.7518020395,21,24.0,8.421352504228707e-10,0.0,1.924379720811961e-11,4196.422379742348,49,3656,54.35335421562195,120.18349981307983,0.4375,0.5625,3927.84375,4,0.19991007208158001,6039.332455076933,1592.9100753345806,250.0,0.0
h8_day03,8,3,3,38516.46282127244,56385.766556917544,15829.303735644946,2040.0,0.0,200,200,0,0.0,200,36,0.18,0,183,0.915,12.666272281143014,204,32.79240550861492,120.02970066070557,32.98449434125751,120.46770832001057,4716.782690799824,0.011289085962214312,0.10912297504800837,0.7412587412587412,143,96,47,11.75,0.25874125874125875,4845.1395786855,17,24.0,1.2631744539248757e-09,0.0,7.388673006758495e-12,3819.0556954220892,59,3659,48.66895818710327,120.10624980926514,0.3854166666666667,0.6145833333333334,3955.65625,0,0.19380558314742,5881.674804399928,1782.6191089778379,280.0,0.0
h8_day04,8,4,4,36793.16485178774,54119.22464742896,14476.059795641153,1850.0,1000.0,200,200,1,0.005,199,29,0.145,0,177,0.885,12.647083946165957,185,28.851816255219127,120.15889987945556,29.037770242177245,120.46677888999402,4268.552225600055,0.00619319930267055,0.1031835796539298,0.7891156462585034,147,96,51,12.75,0.2108843537414966,4918.753339942501,23,24.0,8.422489372605924e-10,0.0,5.195717401231178e-13,2159.395750964571,40,2776,44.095437387625374,120.24275016784668,0.3229166666666667,0.6770833333333334,3689.375,3,0.19675013359770005,5008.168967105155,1548.7732161405806,300.0,1000.0
h8_day19,8,5,19,36368.99487589026,54961.761544767796,14682.76666887748,1910.0,2000.0,200,200,2,0.01,198,35,0.175,0,174,0.87,12.53973713649328,191,41.71351213073731,120.25240020751953,41.93073320560204,120.57078658000682,5241.341650700255,0.008312968578063703,0.08092666245933929,0.672,125,96,29,7.25,0.328,4429.0582042977,26,24.0,3.5205403037252836e-09,0.0,4.432211987158659e-12,3283.814548243763,55,3408,54.223687628904976,120.26500082015991,0.4270833333333333,0.5729166666666666,3896.9791666666665,0,0.17716232817190802,4873.275373480628,1439.4608252368641,150.0,0.0
h8_day13,8,6,13,36940.18976063126,54439.04428047444,14708.854519843171,1790.0,1000.0,200,200,1,0.005,199,29,0.145,0,183,0.915,12.001255688012918,179,33.175146863177105,120.02540092468261,33.38854044405467,120.49817035000888,4774.561283499817,0.010570127479998746,0.10976470783909217,0.7342657342657343,143,96,47,11.75,0.26573426573426573,5003.906816479799,17,24.0,4.428101192388567e-07,0.0,2.739037852249885e-12,2886.3947828762693,58,3983,49.31561458110809,120.0647497177124,0.3958333333333333,0.6041666666666666,3818.875,0,0.20015627265919197,4522.0405679621945,1365.6457850859238,270.0,0.0
h8_day14,8,7,14,37990.628456641854,59649.669269852486,17349.040813210606,2310.0,2000.0,200,200,2,0.01,198,44,0.22,0,182,0.91,12.689077347524094,231,30.92506422315325,120.19380073547363,31.16286804928511,120.54750020000793,4362.801526899915,0.011476436850697368,0.16974940971019023,0.7642857142857142,140,96,44,11.0,0.2357142857142857,4566.628303127601,18,24.0,4.834362243855139e-09,0.0,3.095453036599621e-11,5230.700463533132,50,3268,44.77822913726171,120.22375059127808,0.34375,0.65625,4286.260416666667,1,0.18266513212510402,8264.1452911661,2633.4448276329704,400.0,0.0
